Name,Img link
Afghanistan (Islamic Emirate),//upload.wikimedia.org/wikipedia/commons/thumb/5/5c/Flag_of_the_Taliban.svg/120px-Flag_of_the_Taliban.svg.png
Afghanistan (Islamic Republic),//upload.wikimedia.org/wikipedia/commons/thumb/7/7a/Flag_of_Afghanistan_%282004%E2%80%932021%29.svg/120px-Flag_of_Afghanistan_%282004%E2%80%932021%29.svg.png
Albania,//upload.wikimedia.org/wikipedia/commons/thumb/3/36/Flag_of_Albania.svg/120px-Flag_of_Albania.svg.png
Algeria,//upload.wikimedia.org/wikipedia/commons/thumb/7/77/Flag_of_Algeria.svg/120px-Flag_of_Algeria.svg.png
Andorra,//upload.wikimedia.org/wikipedia/commons/thumb/1/19/Flag_of_Andorra.svg/120px-Flag_of_Andorra.svg.png
Angola,//upload.wikimedia.org/wikipedia/commons/thumb/9/9d/Flag_of_Angola.svg/120px-Flag_of_Angola.svg.png
Antigua and Barbuda,//upload.wikimedia.org/wikipedia/commons/thumb/8/89/Flag_of_Antigua_and_Barbuda.svg/120px-Flag_of_Antigua_and_Barbuda.svg.png
Argentina,//upload.wikimedia.org/wikipedia/commons/thumb/1/1a/Flag_of_Argentina.svg/120px-Flag_of_Argentina.svg.png
Armenia,//upload.wikimedia.org/wikipedia/commons/thumb/2/2f/Flag_of_Armenia.svg/120px-Flag_of_Armenia.svg.png
Australia,//upload.wikimedia.org/wikipedia/commons/thumb/8/88/Flag_of_Australia_%28converted%29.svg/120px-Flag_of_Australia_%28converted%29.svg.png
Austria,//upload.wikimedia.org/wikipedia/commons/thumb/4/41/Flag_of_Austria.svg/120px-Flag_of_Austria.svg.png
Azerbaijan,//upload.wikimedia.org/wikipedia/commons/thumb/d/dd/Flag_of_Azerbaijan.svg/120px-Flag_of_Azerbaijan.svg.png
Bahamas,//upload.wikimedia.org/wikipedia/commons/thumb/9/93/Flag_of_the_Bahamas.svg/120px-Flag_of_the_Bahamas.svg.png
Bahrain,//upload.wikimedia.org/wikipedia/commons/thumb/2/2c/Flag_of_Bahrain.svg/120px-Flag_of_Bahrain.svg.png
Bangladesh,//upload.wikimedia.org/wikipedia/commons/thumb/f/f9/Flag_of_Bangladesh.svg/120px-Flag_of_Bangladesh.svg.png
Barbados,//upload.wikimedia.org/wikipedia/commons/thumb/e/ef/Flag_of_Barbados.svg/120px-Flag_of_Barbados.svg.png
Belarus,//upload.wikimedia.org/wikipedia/commons/thumb/8/85/Flag_of_Belarus.svg/120px-Flag_of_Belarus.svg.png
Belgium,//upload.wikimedia.org/wikipedia/commons/thumb/6/65/Flag_of_Belgium.svg/120px-Flag_of_Belgium.svg.png
Belize,//upload.wikimedia.org/wikipedia/commons/thumb/e/e7/Flag_of_Belize.svg/120px-Flag_of_Belize.svg.png
Benin,//upload.wikimedia.org/wikipedia/commons/thumb/0/0a/Flag_of_Benin.svg/120px-Flag_of_Benin.svg.png
Bhutan,//upload.wikimedia.org/wikipedia/commons/thumb/9/91/Flag_of_Bhutan.svg/120px-Flag_of_Bhutan.svg.png
Bolivia,//upload.wikimedia.org/wikipedia/commons/thumb/d/de/Flag_of_Bolivia_%28state%29.svg/120px-Flag_of_Bolivia_%28state%29.svg.png
Bosnia and Herzegovina,//upload.wikimedia.org/wikipedia/commons/thumb/b/bf/Flag_of_Bosnia_and_Herzegovina.svg/120px-Flag_of_Bosnia_and_Herzegovina.svg.png
Botswana,//upload.wikimedia.org/wikipedia/commons/thumb/f/fa/Flag_of_Botswana.svg/120px-Flag_of_Botswana.svg.png
Brazil,//upload.wikimedia.org/wikipedia/en/thumb/0/05/Flag_of_Brazil.svg/120px-Flag_of_Brazil.svg.png
Brunei,//upload.wikimedia.org/wikipedia/commons/thumb/9/9c/Flag_of_Brunei.svg/120px-Flag_of_Brunei.svg.png
Bulgaria,//upload.wikimedia.org/wikipedia/commons/thumb/9/9a/Flag_of_Bulgaria.svg/120px-Flag_of_Bulgaria.svg.png
Burkina Faso,//upload.wikimedia.org/wikipedia/commons/thumb/3/31/Flag_of_Burkina_Faso.svg/120px-Flag_of_Burkina_Faso.svg.png
Burundi,//upload.wikimedia.org/wikipedia/commons/thumb/5/50/Flag_of_Burundi.svg/120px-Flag_of_Burundi.svg.png
Cambodia,//upload.wikimedia.org/wikipedia/commons/thumb/8/83/Flag_of_Cambodia.svg/120px-Flag_of_Cambodia.svg.png
Cameroon,//upload.wikimedia.org/wikipedia/commons/thumb/4/4f/Flag_of_Cameroon.svg/120px-Flag_of_Cameroon.svg.png
Canada,//upload.wikimedia.org/wikipedia/commons/thumb/d/d9/Flag_of_Canada_%28Pantone%29.svg/120px-Flag_of_Canada_%28Pantone%29.svg.png
Cape Verde,//upload.wikimedia.org/wikipedia/commons/thumb/3/38/Flag_of_Cape_Verde.svg/120px-Flag_of_Cape_Verde.svg.png
Central African Republic,//upload.wikimedia.org/wikipedia/commons/thumb/6/6f/Flag_of_the_Central_African_Republic.svg/120px-Flag_of_the_Central_African_Republic.svg.png
Chad,//upload.wikimedia.org/wikipedia/commons/thumb/4/4b/Flag_of_Chad.svg/120px-Flag_of_Chad.svg.png
Chile,//upload.wikimedia.org/wikipedia/commons/thumb/7/78/Flag_of_Chile.svg/120px-Flag_of_Chile.svg.png
China,//upload.wikimedia.org/wikipedia/commons/thumb/f/fa/Flag_of_the_People%27s_Republic_of_China.svg/120px-Flag_of_the_People%27s_Republic_of_China.svg.png
Colombia,//upload.wikimedia.org/wikipedia/commons/thumb/2/21/Flag_of_Colombia.svg/120px-Flag_of_Colombia.svg.png
Comoros,//upload.wikimedia.org/wikipedia/commons/thumb/9/94/Flag_of_the_Comoros.svg/120px-Flag_of_the_Comoros.svg.png
Democratic Republic of the Congo,//upload.wikimedia.org/wikipedia/commons/thumb/6/6f/Flag_of_the_Democratic_Republic_of_the_Congo.svg/120px-Flag_of_the_Democratic_Republic_of_the_Congo.svg.png
Republic of the Congo,//upload.wikimedia.org/wikipedia/commons/thumb/9/92/Flag_of_the_Republic_of_the_Congo.svg/120px-Flag_of_the_Republic_of_the_Congo.svg.png
Costa Rica,//upload.wikimedia.org/wikipedia/commons/thumb/b/bc/Flag_of_Costa_Rica_%28state%29.svg/120px-Flag_of_Costa_Rica_%28state%29.svg.png
Croatia,//upload.wikimedia.org/wikipedia/commons/thumb/1/1b/Flag_of_Croatia.svg/120px-Flag_of_Croatia.svg.png
Cuba,//upload.wikimedia.org/wikipedia/commons/thumb/b/bd/Flag_of_Cuba.svg/120px-Flag_of_Cuba.svg.png
Cyprus,//upload.wikimedia.org/wikipedia/commons/thumb/d/d4/Flag_of_Cyprus.svg/120px-Flag_of_Cyprus.svg.png
Czech Republic,//upload.wikimedia.org/wikipedia/commons/thumb/c/cb/Flag_of_the_Czech_Republic.svg/120px-Flag_of_the_Czech_Republic.svg.png
Denmark,//upload.wikimedia.org/wikipedia/commons/thumb/9/9c/Flag_of_Denmark.svg/120px-Flag_of_Denmark.svg.png
Djibouti,//upload.wikimedia.org/wikipedia/commons/thumb/3/34/Flag_of_Djibouti.svg/120px-Flag_of_Djibouti.svg.png
Dominica,//upload.wikimedia.org/wikipedia/commons/thumb/c/c4/Flag_of_Dominica.svg/120px-Flag_of_Dominica.svg.png
Dominican Republic,//upload.wikimedia.org/wikipedia/commons/thumb/9/9f/Flag_of_the_Dominican_Republic.svg/120px-Flag_of_the_Dominican_Republic.svg.png
East Timor,//upload.wikimedia.org/wikipedia/commons/thumb/2/26/Flag_of_East_Timor.svg/120px-Flag_of_East_Timor.svg.png
Ecuador,//upload.wikimedia.org/wikipedia/commons/thumb/e/e8/Flag_of_Ecuador.svg/120px-Flag_of_Ecuador.svg.png
Egypt,//upload.wikimedia.org/wikipedia/commons/thumb/f/fe/Flag_of_Egypt.svg/120px-Flag_of_Egypt.svg.png
El Salvador,//upload.wikimedia.org/wikipedia/commons/thumb/3/34/Flag_of_El_Salvador.svg/120px-Flag_of_El_Salvador.svg.png
Equatorial Guinea,//upload.wikimedia.org/wikipedia/commons/thumb/3/31/Flag_of_Equatorial_Guinea.svg/120px-Flag_of_Equatorial_Guinea.svg.png
Eritrea,//upload.wikimedia.org/wikipedia/commons/thumb/2/29/Flag_of_Eritrea.svg/120px-Flag_of_Eritrea.svg.png
Estonia,//upload.wikimedia.org/wikipedia/commons/thumb/8/8f/Flag_of_Estonia.svg/120px-Flag_of_Estonia.svg.png
Eswatini,//upload.wikimedia.org/wikipedia/commons/thumb/f/fb/Flag_of_Eswatini.svg/120px-Flag_of_Eswatini.svg.png
Ethiopia,//upload.wikimedia.org/wikipedia/commons/thumb/7/71/Flag_of_Ethiopia.svg/120px-Flag_of_Ethiopia.svg.png
Fiji,//upload.wikimedia.org/wikipedia/commons/thumb/b/ba/Flag_of_Fiji.svg/120px-Flag_of_Fiji.svg.png
Finland,//upload.wikimedia.org/wikipedia/commons/thumb/b/bc/Flag_of_Finland.svg/120px-Flag_of_Finland.svg.png
France,//upload.wikimedia.org/wikipedia/commons/thumb/b/bc/Flag_of_France_%281794%E2%80%931815%2C_1830%E2%80%931974%2C_2020%E2%80%93present%29.svg/120px-Flag_of_France_%281794%E2%80%931815%2C_1830%E2%80%931974%2C_2020%E2%80%93present%29.svg.png
Gabon,//upload.wikimedia.org/wikipedia/commons/thumb/0/04/Flag_of_Gabon.svg/120px-Flag_of_Gabon.svg.png
Gambia,//upload.wikimedia.org/wikipedia/commons/thumb/7/77/Flag_of_The_Gambia.svg/120px-Flag_of_The_Gambia.svg.png
Georgia,//upload.wikimedia.org/wikipedia/commons/thumb/0/0f/Flag_of_Georgia.svg/120px-Flag_of_Georgia.svg.png
Germany,//upload.wikimedia.org/wikipedia/en/thumb/b/ba/Flag_of_Germany.svg/120px-Flag_of_Germany.svg.png
Ghana,//upload.wikimedia.org/wikipedia/commons/thumb/1/19/Flag_of_Ghana.svg/120px-Flag_of_Ghana.svg.png
Greece,//upload.wikimedia.org/wikipedia/commons/thumb/5/5c/Flag_of_Greece.svg/120px-Flag_of_Greece.svg.png
Grenada,//upload.wikimedia.org/wikipedia/commons/thumb/b/bc/Flag_of_Grenada.svg/120px-Flag_of_Grenada.svg.png
Guatemala,//upload.wikimedia.org/wikipedia/commons/thumb/e/ec/Flag_of_Guatemala.svg/120px-Flag_of_Guatemala.svg.png
Guinea,//upload.wikimedia.org/wikipedia/commons/thumb/e/ed/Flag_of_Guinea.svg/120px-Flag_of_Guinea.svg.png
Guinea-Bissau,//upload.wikimedia.org/wikipedia/commons/thumb/0/01/Flag_of_Guinea-Bissau.svg/120px-Flag_of_Guinea-Bissau.svg.png
Guyana,//upload.wikimedia.org/wikipedia/commons/thumb/9/99/Flag_of_Guyana.svg/120px-Flag_of_Guyana.svg.png
Haiti,//upload.wikimedia.org/wikipedia/commons/thumb/5/56/Flag_of_Haiti.svg/120px-Flag_of_Haiti.svg.png
Honduras,//upload.wikimedia.org/wikipedia/commons/thumb/8/82/Flag_of_Honduras.svg/120px-Flag_of_Honduras.svg.png
Hungary,//upload.wikimedia.org/wikipedia/commons/thumb/c/c1/Flag_of_Hungary.svg/120px-Flag_of_Hungary.svg.png
Iceland,//upload.wikimedia.org/wikipedia/commons/thumb/c/ce/Flag_of_Iceland.svg/120px-Flag_of_Iceland.svg.png
India,//upload.wikimedia.org/wikipedia/en/thumb/4/41/Flag_of_India.svg/120px-Flag_of_India.svg.png
Indonesia,//upload.wikimedia.org/wikipedia/commons/thumb/9/9f/Flag_of_Indonesia.svg/120px-Flag_of_Indonesia.svg.png
Iran,//upload.wikimedia.org/wikipedia/commons/thumb/c/ca/Flag_of_Iran.svg/120px-Flag_of_Iran.svg.png
Iraq,//upload.wikimedia.org/wikipedia/commons/thumb/f/f6/Flag_of_Iraq.svg/120px-Flag_of_Iraq.svg.png
Ireland,//upload.wikimedia.org/wikipedia/commons/thumb/4/45/Flag_of_Ireland.svg/120px-Flag_of_Ireland.svg.png
Israel,//upload.wikimedia.org/wikipedia/commons/thumb/d/d4/Flag_of_Israel.svg/120px-Flag_of_Israel.svg.png
Italy,//upload.wikimedia.org/wikipedia/en/thumb/0/03/Flag_of_Italy.svg/120px-Flag_of_Italy.svg.png
Ivory Coast,//upload.wikimedia.org/wikipedia/commons/thumb/f/fe/Flag_of_C%C3%B4te_d%27Ivoire.svg/120px-Flag_of_C%C3%B4te_d%27Ivoire.svg.png
Jamaica,//upload.wikimedia.org/wikipedia/commons/thumb/0/0a/Flag_of_Jamaica.svg/120px-Flag_of_Jamaica.svg.png
Japan,//upload.wikimedia.org/wikipedia/en/thumb/9/9e/Flag_of_Japan.svg/120px-Flag_of_Japan.svg.png
Jordan,//upload.wikimedia.org/wikipedia/commons/thumb/c/c0/Flag_of_Jordan.svg/120px-Flag_of_Jordan.svg.png
Kazakhstan,//upload.wikimedia.org/wikipedia/commons/thumb/d/d3/Flag_of_Kazakhstan.svg/120px-Flag_of_Kazakhstan.svg.png
Kenya,//upload.wikimedia.org/wikipedia/commons/thumb/4/49/Flag_of_Kenya.svg/120px-Flag_of_Kenya.svg.png
Kiribati,//upload.wikimedia.org/wikipedia/commons/thumb/d/d3/Flag_of_Kiribati.svg/120px-Flag_of_Kiribati.svg.png
North Korea,//upload.wikimedia.org/wikipedia/commons/thumb/5/51/Flag_of_North_Korea.svg/120px-Flag_of_North_Korea.svg.png
South Korea,//upload.wikimedia.org/wikipedia/commons/thumb/0/09/Flag_of_South_Korea.svg/120px-Flag_of_South_Korea.svg.png
Kuwait,//upload.wikimedia.org/wikipedia/commons/thumb/a/aa/Flag_of_Kuwait.svg/120px-Flag_of_Kuwait.svg.png
Kyrgyzstan,//upload.wikimedia.org/wikipedia/commons/thumb/c/c7/Flag_of_Kyrgyzstan.svg/120px-Flag_of_Kyrgyzstan.svg.png
Laos,//upload.wikimedia.org/wikipedia/commons/thumb/5/56/Flag_of_Laos.svg/120px-Flag_of_Laos.svg.png
Latvia,//upload.wikimedia.org/wikipedia/commons/thumb/8/84/Flag_of_Latvia.svg/120px-Flag_of_Latvia.svg.png
Lebanon,//upload.wikimedia.org/wikipedia/commons/thumb/5/59/Flag_of_Lebanon.svg/120px-Flag_of_Lebanon.svg.png
Lesotho,//upload.wikimedia.org/wikipedia/commons/thumb/4/4a/Flag_of_Lesotho.svg/120px-Flag_of_Lesotho.svg.png
Liberia,//upload.wikimedia.org/wikipedia/commons/thumb/b/b8/Flag_of_Liberia.svg/120px-Flag_of_Liberia.svg.png
Libya,//upload.wikimedia.org/wikipedia/commons/thumb/0/05/Flag_of_Libya.svg/120px-Flag_of_Libya.svg.png
Liechtenstein,//upload.wikimedia.org/wikipedia/commons/thumb/4/47/Flag_of_Liechtenstein.svg/120px-Flag_of_Liechtenstein.svg.png
Lithuania,//upload.wikimedia.org/wikipedia/commons/thumb/1/11/Flag_of_Lithuania.svg/120px-Flag_of_Lithuania.svg.png
Luxembourg,//upload.wikimedia.org/wikipedia/commons/thumb/d/da/Flag_of_Luxembourg.svg/120px-Flag_of_Luxembourg.svg.png
Madagascar,//upload.wikimedia.org/wikipedia/commons/thumb/b/bc/Flag_of_Madagascar.svg/120px-Flag_of_Madagascar.svg.png
Malawi,//upload.wikimedia.org/wikipedia/commons/thumb/d/d1/Flag_of_Malawi.svg/120px-Flag_of_Malawi.svg.png
Malaysia,//upload.wikimedia.org/wikipedia/commons/thumb/6/66/Flag_of_Malaysia.svg/120px-Flag_of_Malaysia.svg.png
Maldives,//upload.wikimedia.org/wikipedia/commons/thumb/0/0f/Flag_of_Maldives.svg/120px-Flag_of_Maldives.svg.png
Mali,//upload.wikimedia.org/wikipedia/commons/thumb/9/92/Flag_of_Mali.svg/120px-Flag_of_Mali.svg.png
Malta,//upload.wikimedia.org/wikipedia/commons/thumb/7/73/Flag_of_Malta.svg/120px-Flag_of_Malta.svg.png
Marshall Islands,//upload.wikimedia.org/wikipedia/commons/thumb/2/2e/Flag_of_the_Marshall_Islands.svg/120px-Flag_of_the_Marshall_Islands.svg.png
Mauritania,//upload.wikimedia.org/wikipedia/commons/thumb/4/43/Flag_of_Mauritania.svg/120px-Flag_of_Mauritania.svg.png
Mauritius,//upload.wikimedia.org/wikipedia/commons/thumb/7/77/Flag_of_Mauritius.svg/120px-Flag_of_Mauritius.svg.png
Mexico,//upload.wikimedia.org/wikipedia/commons/thumb/f/fc/Flag_of_Mexico.svg/120px-Flag_of_Mexico.svg.png
Micronesia,//upload.wikimedia.org/wikipedia/commons/thumb/e/e4/Flag_of_the_Federated_States_of_Micronesia.svg/120px-Flag_of_the_Federated_States_of_Micronesia.svg.png
Moldova,//upload.wikimedia.org/wikipedia/commons/thumb/2/27/Flag_of_Moldova.svg/120px-Flag_of_Moldova.svg.png
Monaco,//upload.wikimedia.org/wikipedia/commons/thumb/e/ea/Flag_of_Monaco.svg/120px-Flag_of_Monaco.svg.png
Mongolia,//upload.wikimedia.org/wikipedia/commons/thumb/4/4c/Flag_of_Mongolia.svg/120px-Flag_of_Mongolia.svg.png
Montenegro,//upload.wikimedia.org/wikipedia/commons/thumb/6/64/Flag_of_Montenegro.svg/120px-Flag_of_Montenegro.svg.png
Morocco,//upload.wikimedia.org/wikipedia/commons/thumb/2/2c/Flag_of_Morocco.svg/120px-Flag_of_Morocco.svg.png
Mozambique,//upload.wikimedia.org/wikipedia/commons/thumb/d/d0/Flag_of_Mozambique.svg/120px-Flag_of_Mozambique.svg.png
Myanmar,//upload.wikimedia.org/wikipedia/commons/thumb/8/8c/Flag_of_Myanmar.svg/120px-Flag_of_Myanmar.svg.png
Namibia,//upload.wikimedia.org/wikipedia/commons/thumb/0/00/Flag_of_Namibia.svg/120px-Flag_of_Namibia.svg.png
Nauru,//upload.wikimedia.org/wikipedia/commons/thumb/3/30/Flag_of_Nauru.svg/120px-Flag_of_Nauru.svg.png
Nepal,//upload.wikimedia.org/wikipedia/commons/thumb/9/9b/Flag_of_Nepal.svg/98px-Flag_of_Nepal.svg.png
Netherlands,//upload.wikimedia.org/wikipedia/commons/thumb/2/20/Flag_of_the_Netherlands.svg/120px-Flag_of_the_Netherlands.svg.png
New Zealand,//upload.wikimedia.org/wikipedia/commons/thumb/3/3e/Flag_of_New_Zealand.svg/120px-Flag_of_New_Zealand.svg.png
Nicaragua,//upload.wikimedia.org/wikipedia/commons/thumb/1/19/Flag_of_Nicaragua.svg/120px-Flag_of_Nicaragua.svg.png
Niger,//upload.wikimedia.org/wikipedia/commons/thumb/f/f4/Flag_of_Niger.svg/120px-Flag_of_Niger.svg.png
Nigeria,//upload.wikimedia.org/wikipedia/commons/thumb/7/79/Flag_of_Nigeria.svg/120px-Flag_of_Nigeria.svg.png
North Macedonia,//upload.wikimedia.org/wikipedia/commons/thumb/7/79/Flag_of_North_Macedonia.svg/120px-Flag_of_North_Macedonia.svg.png
Norway,//upload.wikimedia.org/wikipedia/commons/thumb/d/d9/Flag_of_Norway.svg/120px-Flag_of_Norway.svg.png
Oman,//upload.wikimedia.org/wikipedia/commons/thumb/d/dd/Flag_of_Oman.svg/120px-Flag_of_Oman.svg.png
Pakistan,//upload.wikimedia.org/wikipedia/commons/thumb/3/32/Flag_of_Pakistan.svg/120px-Flag_of_Pakistan.svg.png
Palau,//upload.wikimedia.org/wikipedia/commons/thumb/4/48/Flag_of_Palau.svg/120px-Flag_of_Palau.svg.png
Palestine,//upload.wikimedia.org/wikipedia/commons/thumb/0/00/Flag_of_Palestine.svg/120px-Flag_of_Palestine.svg.png
Panama,//upload.wikimedia.org/wikipedia/commons/thumb/a/ab/Flag_of_Panama.svg/120px-Flag_of_Panama.svg.png
Papua New Guinea,//upload.wikimedia.org/wikipedia/commons/thumb/e/e3/Flag_of_Papua_New_Guinea.svg/120px-Flag_of_Papua_New_Guinea.svg.png
Paraguay,//upload.wikimedia.org/wikipedia/commons/thumb/2/27/Flag_of_Paraguay.svg/120px-Flag_of_Paraguay.svg.png
Peru,//upload.wikimedia.org/wikipedia/commons/thumb/c/cf/Flag_of_Peru.svg/120px-Flag_of_Peru.svg.png
Philippines,//upload.wikimedia.org/wikipedia/commons/thumb/9/99/Flag_of_the_Philippines.svg/120px-Flag_of_the_Philippines.svg.png
Poland,//upload.wikimedia.org/wikipedia/en/thumb/1/12/Flag_of_Poland.svg/120px-Flag_of_Poland.svg.png
Portugal,//upload.wikimedia.org/wikipedia/commons/thumb/5/5c/Flag_of_Portugal.svg/120px-Flag_of_Portugal.svg.png
Qatar,//upload.wikimedia.org/wikipedia/commons/thumb/6/65/Flag_of_Qatar.svg/120px-Flag_of_Qatar.svg.png
Romania,//upload.wikimedia.org/wikipedia/commons/thumb/7/73/Flag_of_Romania.svg/120px-Flag_of_Romania.svg.png
Russia,//upload.wikimedia.org/wikipedia/en/thumb/f/f3/Flag_of_Russia.svg/120px-Flag_of_Russia.svg.png
Rwanda,//upload.wikimedia.org/wikipedia/commons/thumb/1/17/Flag_of_Rwanda.svg/120px-Flag_of_Rwanda.svg.png
Saint Kitts and Nevis,//upload.wikimedia.org/wikipedia/commons/thumb/f/fe/Flag_of_Saint_Kitts_and_Nevis.svg/120px-Flag_of_Saint_Kitts_and_Nevis.svg.png
Saint Lucia,//upload.wikimedia.org/wikipedia/commons/thumb/9/9f/Flag_of_Saint_Lucia.svg/120px-Flag_of_Saint_Lucia.svg.png
Saint Vincent and the Grenadines,//upload.wikimedia.org/wikipedia/commons/thumb/6/6d/Flag_of_Saint_Vincent_and_the_Grenadines.svg/120px-Flag_of_Saint_Vincent_and_the_Grenadines.svg.png
Samoa,//upload.wikimedia.org/wikipedia/commons/thumb/3/31/Flag_of_Samoa.svg/120px-Flag_of_Samoa.svg.png
San Marino,//upload.wikimedia.org/wikipedia/commons/thumb/b/b1/Flag_of_San_Marino.svg/120px-Flag_of_San_Marino.svg.png
São Tomé and Príncipe,//upload.wikimedia.org/wikipedia/commons/thumb/4/4f/Flag_of_Sao_Tome_and_Principe.svg/120px-Flag_of_Sao_Tome_and_Principe.svg.png
Saudi Arabia,//upload.wikimedia.org/wikipedia/commons/thumb/0/0d/Flag_of_Saudi_Arabia.svg/120px-Flag_of_Saudi_Arabia.svg.png
Senegal,//upload.wikimedia.org/wikipedia/commons/thumb/f/fd/Flag_of_Senegal.svg/120px-Flag_of_Senegal.svg.png
Serbia,//upload.wikimedia.org/wikipedia/commons/thumb/f/ff/Flag_of_Serbia.svg/120px-Flag_of_Serbia.svg.png
Seychelles,//upload.wikimedia.org/wikipedia/commons/thumb/f/fc/Flag_of_Seychelles.svg/120px-Flag_of_Seychelles.svg.png
Sierra Leone,//upload.wikimedia.org/wikipedia/commons/thumb/1/17/Flag_of_Sierra_Leone.svg/120px-Flag_of_Sierra_Leone.svg.png
Singapore,//upload.wikimedia.org/wikipedia/commons/thumb/4/48/Flag_of_Singapore.svg/120px-Flag_of_Singapore.svg.png
Slovakia,//upload.wikimedia.org/wikipedia/commons/thumb/e/e6/Flag_of_Slovakia.svg/120px-Flag_of_Slovakia.svg.png
Slovenia,//upload.wikimedia.org/wikipedia/commons/thumb/f/f0/Flag_of_Slovenia.svg/120px-Flag_of_Slovenia.svg.png
Solomon Islands,//upload.wikimedia.org/wikipedia/commons/thumb/7/74/Flag_of_the_Solomon_Islands.svg/120px-Flag_of_the_Solomon_Islands.svg.png
Somalia,//upload.wikimedia.org/wikipedia/commons/thumb/a/a0/Flag_of_Somalia.svg/120px-Flag_of_Somalia.svg.png
South Africa,//upload.wikimedia.org/wikipedia/commons/thumb/a/af/Flag_of_South_Africa.svg/120px-Flag_of_South_Africa.svg.png
South Sudan,//upload.wikimedia.org/wikipedia/commons/thumb/7/7a/Flag_of_South_Sudan.svg/120px-Flag_of_South_Sudan.svg.png
Spain,//upload.wikimedia.org/wikipedia/commons/thumb/8/89/Bandera_de_Espa%C3%B1a.svg/120px-Bandera_de_Espa%C3%B1a.svg.png
Sri Lanka,//upload.wikimedia.org/wikipedia/commons/thumb/1/11/Flag_of_Sri_Lanka.svg/120px-Flag_of_Sri_Lanka.svg.png
Sudan,//upload.wikimedia.org/wikipedia/commons/thumb/0/01/Flag_of_Sudan.svg/120px-Flag_of_Sudan.svg.png
Suriname,//upload.wikimedia.org/wikipedia/commons/thumb/6/60/Flag_of_Suriname.svg/120px-Flag_of_Suriname.svg.png
Sweden,//upload.wikimedia.org/wikipedia/en/thumb/4/4c/Flag_of_Sweden.svg/120px-Flag_of_Sweden.svg.png
Switzerland,//upload.wikimedia.org/wikipedia/commons/thumb/f/f3/Flag_of_Switzerland.svg/120px-Flag_of_Switzerland.svg.png
Syria,//upload.wikimedia.org/wikipedia/commons/thumb/5/53/Flag_of_Syria.svg/120px-Flag_of_Syria.svg.png
Tajikistan,//upload.wikimedia.org/wikipedia/commons/thumb/d/d0/Flag_of_Tajikistan.svg/120px-Flag_of_Tajikistan.svg.png
Tanzania,//upload.wikimedia.org/wikipedia/commons/thumb/3/38/Flag_of_Tanzania.svg/120px-Flag_of_Tanzania.svg.png
Thailand,//upload.wikimedia.org/wikipedia/commons/thumb/a/a9/Flag_of_Thailand.svg/120px-Flag_of_Thailand.svg.png
Togo,//upload.wikimedia.org/wikipedia/commons/thumb/6/68/Flag_of_Togo.svg/120px-Flag_of_Togo.svg.png
Tonga,//upload.wikimedia.org/wikipedia/commons/thumb/9/9a/Flag_of_Tonga.svg/120px-Flag_of_Tonga.svg.png
Trinidad and Tobago,//upload.wikimedia.org/wikipedia/commons/thumb/6/64/Flag_of_Trinidad_and_Tobago.svg/120px-Flag_of_Trinidad_and_Tobago.svg.png
Tunisia,//upload.wikimedia.org/wikipedia/commons/thumb/c/ce/Flag_of_Tunisia.svg/120px-Flag_of_Tunisia.svg.png
Turkey,//upload.wikimedia.org/wikipedia/commons/thumb/b/b4/Flag_of_Turkey.svg/120px-Flag_of_Turkey.svg.png
Turkmenistan,//upload.wikimedia.org/wikipedia/commons/thumb/1/1b/Flag_of_Turkmenistan.svg/120px-Flag_of_Turkmenistan.svg.png
Tuvalu,//upload.wikimedia.org/wikipedia/commons/thumb/3/38/Flag_of_Tuvalu.svg/120px-Flag_of_Tuvalu.svg.png
Uganda,//upload.wikimedia.org/wikipedia/commons/thumb/4/4e/Flag_of_Uganda.svg/120px-Flag_of_Uganda.svg.png
Ukraine,//upload.wikimedia.org/wikipedia/commons/thumb/4/49/Flag_of_Ukraine.svg/120px-Flag_of_Ukraine.svg.png
United Arab Emirates,//upload.wikimedia.org/wikipedia/commons/thumb/c/cb/Flag_of_the_United_Arab_Emirates.svg/120px-Flag_of_the_United_Arab_Emirates.svg.png
United Kingdom,//upload.wikimedia.org/wikipedia/en/thumb/a/ae/Flag_of_the_United_Kingdom.svg/120px-Flag_of_the_United_Kingdom.svg.png
United States,//upload.wikimedia.org/wikipedia/en/thumb/a/a4/Flag_of_the_United_States.svg/120px-Flag_of_the_United_States.svg.png
Uruguay,//upload.wikimedia.org/wikipedia/commons/thumb/f/fe/Flag_of_Uruguay.svg/120px-Flag_of_Uruguay.svg.png
Uzbekistan,//upload.wikimedia.org/wikipedia/commons/thumb/8/84/Flag_of_Uzbekistan.svg/120px-Flag_of_Uzbekistan.svg.png
Vanuatu,//upload.wikimedia.org/wikipedia/commons/thumb/6/6e/Flag_of_Vanuatu_%28official%29.svg/120px-Flag_of_Vanuatu_%28official%29.svg.png
Vatican City,//upload.wikimedia.org/wikipedia/commons/thumb/0/00/Flag_of_the_Vatican_City.svg/120px-Flag_of_the_Vatican_City.svg.png
Venezuela,//upload.wikimedia.org/wikipedia/commons/thumb/0/06/Flag_of_Venezuela.svg/120px-Flag_of_Venezuela.svg.png
Vietnam,//upload.wikimedia.org/wikipedia/commons/thumb/2/21/Flag_of_Vietnam.svg/120px-Flag_of_Vietnam.svg.png
Yemen,//upload.wikimedia.org/wikipedia/commons/thumb/8/89/Flag_of_Yemen.svg/120px-Flag_of_Yemen.svg.png
Zambia,//upload.wikimedia.org/wikipedia/commons/thumb/0/06/Flag_of_Zambia.svg/120px-Flag_of_Zambia.svg.png
Zimbabwe,//upload.wikimedia.org/wikipedia/commons/thumb/6/6a/Flag_of_Zimbabwe.svg/120px-Flag_of_Zimbabwe.svg.png
Abkhazia,//upload.wikimedia.org/wikipedia/commons/thumb/7/7a/Flag_of_the_Republic_of_Abkhazia.svg/120px-Flag_of_the_Republic_of_Abkhazia.svg.png
Artsakh,//upload.wikimedia.org/wikipedia/commons/thumb/3/3d/Flag_of_Artsakh.svg/120px-Flag_of_Artsakh.svg.png
Donetsk People's Republic,//upload.wikimedia.org/wikipedia/commons/thumb/f/fc/Flag_of_Donetsk_People%27s_Republic.svg/120px-Flag_of_Donetsk_People%27s_Republic.svg.png
Kosovo,//upload.wikimedia.org/wikipedia/commons/thumb/1/1f/Flag_of_Kosovo.svg/120px-Flag_of_Kosovo.svg.png
Luhansk People's Republic,//upload.wikimedia.org/wikipedia/commons/thumb/0/04/Flag_of_the_Luhansk_People%27s_Republic.svg/120px-Flag_of_the_Luhansk_People%27s_Republic.svg.png
Northern Cyprus,//upload.wikimedia.org/wikipedia/commons/thumb/1/1e/Flag_of_the_Turkish_Republic_of_Northern_Cyprus.svg/120px-Flag_of_the_Turkish_Republic_of_Northern_Cyprus.svg.png
Sahrawi Arab Democratic Republic,//upload.wikimedia.org/wikipedia/commons/thumb/2/26/Flag_of_the_Sahrawi_Arab_Democratic_Republic.svg/120px-Flag_of_the_Sahrawi_Arab_Democratic_Republic.svg.png
Somaliland,//upload.wikimedia.org/wikipedia/commons/thumb/4/4d/Flag_of_Somaliland.svg/120px-Flag_of_Somaliland.svg.png
South Ossetia,//upload.wikimedia.org/wikipedia/commons/thumb/1/12/Flag_of_South_Ossetia.svg/120px-Flag_of_South_Ossetia.svg.png
Taiwan,//upload.wikimedia.org/wikipedia/commons/thumb/7/72/Flag_of_the_Republic_of_China.svg/120px-Flag_of_the_Republic_of_China.svg.png
Transnistria,//upload.wikimedia.org/wikipedia/commons/thumb/b/bc/Flag_of_Transnistria_%28state%29.svg/120px-Flag_of_Transnistria_%28state%29.svg.png
